location,date,iso_code,continent,new_cases,total_cases,new_deaths,total_deaths,reproduction_rate,people_vaccinated_per_hundred,people_fully_vaccinated_per_hundred,total_tests_per_thousand,positive_rate,hospital_beds_per_thousand,population,population_density,median_age,gdp_per_capita,stringency_index,confirmed_cases,rolling_7day,rolling_14day,Rt,growth_rate,doubling_time,cases_per_million,future_cases_14d,future_growth,outbreak_label,xgb_risk,xgb_risk_label,warning
Afghanistan,2024-08-04,AFG,Asia,0.0,235214.0,0.0,7998.0,0.8,46.56,44.67,24.81,0.17,0.5,41128772,54.42,18.6,1803.99,0.0,209451.0,0.0,0.0,1.0,0.0,257.37178683386156,5718.964816163245,0.0,0.0,0,0,Low,✅ Stable
Albania,2024-08-04,ALB,Europe,0.0,335047.0,0.0,3605.0,0.88,47.47,45.01,565.34,0.43,2.89,2842318,104.87,38.0,11803.43,11.11,334457.0,0.0,0.0,1.0,0.0,58632.524999846915,117878.08401452616,0.0,0.0,0,0,Low,✅ Stable
Algeria,2024-08-04,DZA,Africa,18.0,272139.0,0.0,6881.0,0.91,17.46,14.43,5.22,,1.9,44903228,17.35,29.1,13913.84,11.11,271496.0,2.5714285714285716,1.7142857142857142,1.0,6.614704488083767e-05,10582.4833333225,6060.56651428267,2.5714285714285716,0.4615384615384616,0,2,High,"⚠️ Low Vaccination, Accelerating Cases"
American Samoa,2024-08-04,ASM,Oceania,0.0,8359.0,0.0,34.0,,,,,,,44295,278.2,,,,,0.0,0.0,1.0,0.0,324.37222222221374,188712.04424878655,0.0,0.0,0,0,Low,✅ Stable
Andorra,2024-08-04,AND,Europe,0.0,48015.0,0.0,159.0,0.84,72.53,67.01,3799.72,0.7,,79843,163.76,,,11.11,47890.0,0.0,0.0,1.0,0.0,819.0682926828489,601367.6840800069,0.0,0.0,0,2,High,✅ Stable
Angola,2024-08-04,AGO,Africa,0.0,107481.0,0.0,1937.0,0.13,46.5,27.0,46.91,0.03,,35588996,23.89,16.8,5819.5,17.02,105288.0,0.0,0.0,1.0,0.0,37617.65000000761,3020.06271826269,0.0,0.0,0,0,Low,✅ Stable
Anguilla,2024-08-04,AIA,North America,0.0,3904.0,0.0,12.0,,68.36,65.38,3261.73,0.08,,15877,,,,,,0.0,0.0,1.0,0.0,71.21578947368403,245890.28153933364,0.0,0.0,0,2,High,✅ Stable
Antigua and Barbuda,2024-08-04,ATG,North America,0.0,9106.0,0.0,146.0,0.0,68.56,66.53,179.15,0.01,3.8,93772,231.84,32.1,21490.94,,9106.0,0.0,0.0,1.0,0.0,796.0749999999513,97107.87868446871,0.0,0.0,0,0,Low,✅ Stable
Argentina,2024-08-04,ARG,South America,54.0,10101218.0,1.0,130663.0,0.09,91.25,76.69,809.78,0.29,5.0,45510324,16.18,31.9,18933.91,14.38,10044957.0,7.714285714285714,9.928571428571429,1.0,5.345918549615192e-06,130941.01481407478,221954.4295048306,7.714285714285714,0.5454545454545455,0,2,High,✅ Stable
Armenia,2024-08-04,ARM,Asia,0.0,452273.0,0.0,8777.0,-0.07,41.39,37.07,1111.54,0.0,4.2,2780472,102.93,35.7,8787.58,,447308.0,0.0,0.0,1.0,0.0,5862.098148147036,162660.51231589456,0.0,0.0,0,0,Low,✅ Stable
Aruba,2024-08-04,ABW,North America,0.0,44224.0,0.0,292.0,,85.05,79.25,7.44,,,106459,584.8,41.2,35973.78,25.93,,0.0,0.0,1.0,0.0,1289.1666666664603,415408.74890803033,0.0,0.0,0,2,High,✅ Stable
Australia,2024-08-04,AUS,Oceania,0.0,11861161.0,0.0,25236.0,0.87,84.93,82.7,2830.52,0.42,3.84,26177410,3.2,37.9,44648.71,11.11,11399460.0,0.0,0.0,1.0,0.0,1036.7625390477513,453106.7435624838,0.0,0.0,0,2,High,✅ Stable
Austria,2024-08-04,AUT,Europe,15.0,6082444.0,0.0,22534.0,0.87,77.18,74.76,21272.13,0.08,7.37,8939617,106.75,44.4,45436.69,35.19,5961143.0,2.142857142857143,2.142857142857143,1.0,2.466120031963115e-06,283846.6866686843,680392.0123199909,2.142857142857143,0.7894736842105262,0,2,High,✅ Stable
Azerbaijan,2024-08-04,AZE,Asia,63.0,835757.0,0.0,10353.0,0.95,51.88,46.94,673.7,0.02,4.7,10358078,119.31,32.4,15847.42,34.94,828825.0,9.0,8.642857142857142,1.0,7.538644527782523e-05,9285.488888887876,80686.49415461053,9.0,0.6237623762376238,0,2,High,✅ Stable
Bahamas,2024-08-04,BHS,North America,0.0,39127.0,0.0,849.0,0.14,42.64,40.73,591.31,0.35,2.9,409989,39.5,34.3,27717.85,20.37,37491.0,0.0,4.5,1.0,0.0,434.04444444442396,95434.26774864692,0.0,0.0,0,2,High,✅ Stable
Bahrain,2024-08-04,BHR,Asia,0.0,696614.0,0.0,1536.0,0.84,84.31,83.33,6812.9,0.28,2.0,1472237,1935.91,32.4,43290.7,11.11,710693.0,0.0,0.0,1.0,0.0,574.3351415094345,473167.02405930567,0.0,0.0,0,2,High,✅ Stable
Bangladesh,2024-08-04,BGD,Asia,40.0,2051348.0,0.0,29499.0,1.4,88.5,83.07,81.61,0.28,0.8,171186368,1265.04,27.5,3523.98,13.89,2037871.0,5.714285714285714,5.428571428571429,1.0,1.949975332804499e-05,35897.890000138825,11983.127067688007,5.714285714285714,0.851063829787234,0,2,High,✅ Stable
Barbados,2024-08-04,BRB,North America,57.0,108582.0,0.0,593.0,0.01,58.18,55.05,2480.36,0.18,5.8,281646,664.46,39.8,16978.07,11.11,106798.0,8.142857142857142,7.785714285714286,1.0,0.000525224602626162,1332.763157894638,385526.5120044311,8.142857142857142,1.2127659574468084,0,2,High,✅ Stable
Belarus,2024-08-04,BLR,Europe,0.0,994037.0,0.0,7118.0,-0.0,68.55,67.28,1380.27,0.04,11.0,9534956,46.86,40.3,17167.97,0.0,994037.0,0.0,0.0,1.0,0.0,61.59417188898868,104251.87069557532,0.0,0.0,0,0,Low,✅ Stable
Belgium,2024-08-04,BEL,Europe,1277.0,4872829.0,0.0,34339.0,0.63,79.46,78.68,2955.33,0.26,5.64,11655923,375.56,41.8,42658.58,11.11,4739365.0,182.42857142857142,190.71428571428572,0.9167264895908112,0.0002621341207074135,2670.388723569946,418056.0389769218,182.42857142857142,0.7511764705882352,0,0,Low,✅ Stable
Belize,2024-08-04,BLZ,North America,0.0,71414.0,0.0,688.0,0.05,63.78,54.63,1432.14,0.15,1.3,405285,16.43,25.0,7824.36,11.11,70757.0,0.0,0.07142857142857142,1.0,0.0,49989.10000024573,176206.86677276483,0.0,0.0,0,2,High,✅ Stable
Benin,2024-08-04,BEN,Africa,0.0,28036.0,0.0,163.0,0.05,27.69,20.54,46.5,,0.5,13352864,99.11,18.8,2064.24,11.11,27999.0,0.0,0.0,1.0,0.0,6541.033333335751,2099.6244700762322,0.0,0.0,0,0,Low,✅ Stable
Bermuda,2024-08-04,BMU,North America,0.0,18860.0,0.0,165.0,,75.62,74.22,653.22,0.09,,64207,1308.82,,50669.32,11.11,,0.0,0.0,1.0,0.0,1199.481818181941,293737.4429579329,0.0,0.0,0,2,High,✅ Stable
Bhutan,2024-08-04,BTN,Asia,0.0,62697.0,0.0,21.0,0.16,89.35,86.61,2201.54,0.04,1.7,782457,21.19,28.6,8708.6,5.56,62627.0,0.0,0.0,1.0,0.0,14628.600000008355,80128.36488139284,0.0,0.0,0,2,High,✅ Stable
Bolivia,2024-08-04,BOL,South America,2.0,1212147.0,0.0,22387.0,1.43,60.22,50.4,367.6,0.07,1.1,12224114,10.2,25.4,6885.83,24.07,1194277.0,0.2857142857142857,0.14285714285714285,1.0,1.6499676194214885e-06,424250.7499907386,99160.31542245108,0.2857142857142857,0.2857142857142857,0,2,High,✅ Stable
Bonaire Sint Eustatius and Saba,2024-08-04,BES,North America,0.0,11922.0,0.0,41.0,,70.64,61.87,,,,27052,,,,,,0.0,0.0,1.0,0.0,8344.699999989913,440706.7869288777,0.0,0.0,0,0,Low,✅ Stable
Bosnia and Herzegovina,2024-08-04,BIH,Europe,0.0,403666.0,0.0,16392.0,0.87,29.18,26.17,458.37,0.23,3.5,3233530,68.5,42.5,11713.9,25.93,401729.0,0.0,0.2857142857142857,1.0,0.0,70640.84999925861,124837.56142667611,0.0,0.0,0,2,High,"⚠️ Low Vaccination, High Positivity Rate"
Botswana,2024-08-04,BWA,Africa,0.0,330696.0,0.0,2801.0,0.18,74.18,63.24,882.84,0.05,1.8,2630300,4.04,25.8,15807.37,0.0,329758.0,0.0,0.0,1.0,0.0,5031.630434785554,125725.58263315972,0.0,0.0,0,0,Low,✅ Stable
Brazil,2024-08-04,BRA,South America,0.0,37511921.0,0.0,702116.0,1.05,88.08,81.82,330.91,,2.2,215313504,25.04,33.5,14103.45,22.22,37076053.0,0.0,0.0,1.0,0.0,1095.6818246346331,174220.01083592046,0.0,0.0,0,2,High,✅ Stable
British Virgin Islands,2024-08-04,VGB,North America,0.0,7557.0,0.0,64.0,,62.13,58.28,3104.88,,,31332,207.97,,,,,0.0,0.0,1.0,0.0,1057.2800000000361,241191.1145155113,0.0,0.0,0,0,Low,✅ Stable
Brunei,2024-08-04,BRN,Asia,288.0,347723.0,1.0,179.0,0.55,100.48,99.49,209.24,,2.7,449002,81.35,32.4,71809.25,11.11,279661.0,41.142857142857146,46.714285714285715,0.7868852459016394,0.0008289320304517567,844.4600694444266,774435.3031835047,41.142857142857146,0.7093596059113301,0,0,Low,✅ Stable
Bulgaria,2024-08-04,BGR,Europe,257.0,1329988.0,0.0,38700.0,0.82,31.79,30.64,1463.9,0.08,7.45,6781955,65.18,44.7,18563.31,11.11,1297523.0,36.714285714285715,28.571428571428573,1.7972027972027973,0.00019327217309372813,3621.835408558956,196106.87478757967,36.714285714285715,3.381578947368421,0,2,High,"⚠️ Rising Rt, Accelerating Cases"
Burkina Faso,2024-08-04,BFA,Africa,0.0,22139.0,0.0,400.0,-0.0,26.86,23.08,14.7,0.0,0.4,22673764,70.15,17.6,1703.1,8.33,22056.0,0.0,0.0,1.0,0.0,15496.599999999504,976.4148555131825,0.0,0.0,0,0,Low,✅ Stable
Burundi,2024-08-04,BDI,Africa,0.0,54569.0,0.0,15.0,0.11,0.29,0.28,128.38,0.02,0.8,12889583,423.06,17.5,702.22,19.44,53631.0,0.0,0.0,1.0,0.0,12732.066666651428,4233.573731593955,0.0,0.0,0,0,Low,✅ Stable
Cambodia,2024-08-04,KHM,Asia,6.0,139319.0,0.0,3056.0,0.73,91.35,87.63,179.49,0.0,0.8,16767851,90.67,25.6,3645.07,5.56,138719.0,0.8571428571428571,0.6428571428571429,1.0,4.306848607082969e-05,16253.18333337262,8308.697399565395,0.8571428571428571,0.49999999999999994,0,0,Low,✅ Stable
Cameroon,2024-08-04,CMR,Africa,0.0,125246.0,0.0,1974.0,0.06,13.45,11.45,100.42,0.0,1.3,27914542,50.88,18.8,3364.93,8.33,124392.0,0.0,0.2857142857142857,1.0,0.0,21917.349999935483,4486.765356924,0.0,0.0,0,0,Low,✅ Stable
Canada,2024-08-04,CAN,North America,38.0,4819055.0,0.0,55282.0,0.77,90.35,82.59,1629.61,0.09,2.5,38454328,4.04,41.4,44017.59,5.56,4617095.0,5.428571428571429,26.071428571428573,1.0,7.88542559604366e-06,88771.36579047929,125318.92378928061,5.428571428571429,0.08016877637130802,0,2,High,✅ Stable
Cape Verde,2024-08-04,CPV,Africa,0.0,64474.0,0.0,417.0,0.47,60.14,52.05,,0.12,2.1,593162,135.58,25.7,6222.55,11.11,,0.0,0.0,1.0,0.0,15043.23333330547,108695.4322765113,0.0,0.0,0,2,High,✅ Stable
Cayman Islands,2024-08-04,CYM,North America,0.0,31472.0,0.0,37.0,,90.38,88.32,137.34,0.0,,68722,256.5,,49903.03,,,0.0,0.0,1.0,0.0,194.25929203539332,457961.0605046419,0.0,0.0,0,0,Low,✅ Stable
Central African Republic,2024-08-04,CAF,Africa,0.0,15441.0,0.0,113.0,0.04,46.61,44.54,17.36,0.0,1.0,5579148,7.48,18.3,661.24,8.33,15368.0,0.0,0.0,1.0,0.0,10807.999999992551,2767.6268849652315,0.0,0.0,0,0,Low,✅ Stable
Chad,2024-08-04,TCD,Africa,0.0,7702.0,0.0,194.0,0.32,29.04,28.33,12.74,0.0,,17723312,11.83,16.7,1768.15,13.89,7679.0,0.0,0.0,1.0,0.0,1347.1499999998653,434.56888870432346,0.0,0.0,0,0,Low,✅ Stable
Chile,2024-08-04,CHL,South America,100.0,5401126.0,0.0,62730.0,1.1,92.27,90.29,2040.36,0.15,2.11,19603736,24.28,35.4,22767.04,13.89,5192286.0,14.285714285714286,14.142857142857142,1.0204081632653061,1.85150006684065e-05,37807.18199996942,275515.13650255237,14.285714285714286,1.4492753623188406,0,2,High,✅ Stable
China,2024-08-04,CHN,Asia,2087.0,99373219.0,15.0,122304.0,1.02,91.89,89.54,6461.91,0.0,4.34,1425887360,147.67,38.7,15308.71,49.54,4903524.0,298.14285714285717,299.2857142857143,0.9923918212077985,2.1002075331066905e-05,33330.03948255241,69692.19433995124,298.14285714285717,1.0461152882205516,0,2,High,✅ Stable
Colombia,2024-08-04,COL,South America,976.0,6391876.0,0.0,142727.0,0.0,82.92,71.72,684.08,0.08,1.71,51874028,44.22,32.2,13254.95,19.44,6359093.0,139.42857142857142,145.57142857142858,0.9190207156308849,0.00015271714469000663,4583.637295084957,123219.19554810743,139.42857142857142,1.0093071354705274,0,2,High,✅ Stable
Comoros,2024-08-04,COM,Africa,0.0,9109.0,0.0,160.0,0.19,52.44,47.45,122.06,0.0,2.2,836783,437.35,20.4,1413.89,,9008.0,0.0,0.0,1.0,0.0,1593.3749999996514,10885.737401452945,0.0,0.0,0,0,Low,✅ Stable
Congo,2024-08-04,COG,Africa,0.0,25227.0,0.0,389.0,0.07,11.65,10.96,67.69,0.0,,5970430,15.4,19.0,4881.41,13.89,,0.0,0.0,1.0,0.0,17658.19999997976,4225.32380414811,0.0,0.0,0,0,Low,✅ Stable
Cook Islands,2024-08-04,COK,Oceania,1.0,7345.0,0.0,2.0,,88.73,86.47,,,,17032,,,,,,0.14285714285714285,0.07142857142857142,1.0,0.00013616557734197343,5140.800000002812,431247.0643494599,0.14285714285714285,0.14285714285714285,0,2,High,✅ Stable
Costa Rica,2024-08-04,CRI,North America,0.0,1234701.0,0.0,9372.0,0.43,89.77,84.35,713.53,0.18,1.13,5180836,96.08,33.6,15525.0,11.11,1209725.0,0.0,0.0,1.0,0.0,3415.4687747036646,238320.80382393883,0.0,0.0,0,2,High,✅ Stable
Cote d'Ivoire,2024-08-04,CIV,Africa,0.0,88434.0,0.0,835.0,0.54,48.18,43.2,56.08,0.03,,28160548,76.4,18.7,3601.01,13.89,88263.0,0.0,0.0,1.0,0.0,61903.09999999009,3140.350819877511,0.0,0.0,0,0,Low,✅ Stable
Croatia,2024-08-04,HRV,Europe,0.0,1317144.0,0.0,18752.0,1.03,57.64,55.87,1212.45,0.22,5.54,4030361,73.73,44.0,22669.8,11.11,1269326.0,0.0,0.0,1.0,0.0,16762.950909081792,326805.4648206451,0.0,0.0,0,2,High,✅ Stable
Cuba,2024-08-04,CUB,North America,0.0,1113662.0,0.0,8530.0,0.93,96.37,89.67,470.56,0.09,5.2,11212198,110.41,43.1,,11.11,1112643.0,0.0,0.0,1.0,0.0,389780.9999940503,99325.9305624107,0.0,0.0,0,0,Low,✅ Stable
Curacao,2024-08-04,CUW,North America,0.0,45883.0,0.0,305.0,,56.81,52.77,116.11,0.22,,191173,362.64,41.7,,,,0.0,0.0,1.0,0.0,485.9378787878611,240007.7416790028,0.0,0.0,0,0,Low,✅ Stable
Cyprus,2024-08-04,CYP,Europe,0.0,696410.0,0.0,1451.0,1.28,74.91,72.11,32925.83,0.03,3.4,896007,127.66,37.3,32415.13,11.11,650685.0,0.0,27.071428571428573,1.0,0.0,1285.5453825856155,777237.2314055582,0.0,0.0,0,2,High,✅ Stable
Czechia,2024-08-12,CZE,Europe,0.0,0.0,0.0,0.0,0.71,66.53,65.71,5193.49,0.11,6.63,10493990,137.18,43.3,32605.91,11.11,4618256.0,0.0,40.785714285714285,1.0,0.0,-0.7,0.0,0.0,0.0,0,0,Low,✅ Stable
Democratic Republic of Congo,2024-08-04,COD,Africa,0.0,101009.0,0.0,1474.0,0.64,17.22,14.54,10.9,0.1,,99010216,35.88,17.0,808.13,25.0,,0.0,2.5714285714285716,1.0,0.0,1963.3638888886655,1020.1876541709595,0.0,0.0,0,2,High,✅ Stable
Denmark,2024-08-04,DNK,Europe,0.0,3435679.0,0.0,9693.0,0.73,80.69,80.11,11043.26,0.19,2.5,5882259,136.52,42.3,46682.52,11.11,3451036.0,0.0,0.0,1.0,0.0,13360.27388888802,584074.7576738801,0.0,0.0,0,2,High,✅ Stable
Djibouti,2024-08-04,DJI,Africa,0.0,15690.0,0.0,189.0,0.0,37.61,35.79,280.16,0.0,1.4,1120851,41.28,25.4,2705.41,2.78,15690.0,0.0,0.0,1.0,0.0,2745.049999998859,13998.292368923256,0.0,0.0,0,0,Low,✅ Stable
Dominica,2024-08-04,DMA,North America,0.0,16047.0,0.0,74.0,0.0,45.35,42.14,2836.08,0.0,3.8,72758,98.57,,9673.37,24.07,15760.0,0.0,0.0,1.0,0.0,3743.600000001782,220553.0663294758,0.0,0.0,0,0,Low,✅ Stable
Dominican Republic,2024-08-04,DOM,North America,0.0,661103.0,0.0,4384.0,0.24,65.61,54.6,309.79,0.15,1.6,11228821,222.87,27.6,14600.86,5.56,660790.0,0.0,0.0,1.0,0.0,7978.129310343602,58875.5489111457,0.0,0.0,0,2,High,✅ Stable
East Timor,2024-08-04,TLS,Asia,0.0,23460.0,0.0,138.0,0.21,0.2,0.0,108.32,0.05,5.9,1341298,87.18,18.0,6570.1,42.59,,0.0,0.0,1.0,0.0,0.0,17490.520376530792,0.0,0.0,0,0,Low,✅ Stable
Ecuador,2024-08-04,ECU,South America,157.0,1077445.0,0.0,36050.0,0.22,85.18,79.11,161.29,0.27,1.5,18001002,66.94,28.1,10581.94,11.11,1057121.0,22.428571428571427,23.071428571428573,0.9457831325301204,0.00014573633048908796,4803.194904460784,59854.72364260612,22.428571428571427,0.9573170731707317,0,2,High,✅ Stable
Egypt,2024-08-04,EGY,Africa,0.0,516023.0,0.0,24830.0,-0.0,51.27,38.15,109.42,0.0,1.6,110990096,98.0,25.3,10550.21,10.29,515759.0,0.0,0.0,1.0,0.0,13377.6740740897,4649.2706880801325,0.0,0.0,0,0,Low,✅ Stable
El Salvador,2024-08-04,SLV,North America,3.0,201920.0,0.0,4230.0,0.0,73.43,68.56,304.33,0.11,1.3,6336393,307.81,27.6,7292.46,26.85,201785.0,0.42857142857142855,0.5714285714285714,1.0,1.4857589999861531e-05,47113.96666663462,31866.710287698377,0.42857142857142855,0.2727272727272727,0,2,High,✅ Stable
England,2023-12-08,OWID_ENG,Europe,0.0,0.0,0.0,0.0,,80.31,75.95,,,,56550000,,,,,,0.0,0.0,1.0,0.0,,0.0,0.0,0.0,0,0,Low,✅ Stable
Equatorial Guinea,2024-08-04,GNQ,Africa,0.0,17130.0,0.0,183.0,0.09,16.13,12.78,296.46,0.02,2.1,1674916,45.19,22.4,22604.87,,17229.0,0.0,0.0,1.0,0.0,798.7000000000625,10227.378567044556,0.0,0.0,0,0,Low,✅ Stable
Eritrea,2024-08-04,ERI,Africa,0.0,10189.0,0.0,103.0,0.03,,,6.54,,0.7,3684041,44.3,19.3,1510.46,0.0,10189.0,0.0,0.0,1.0,0.0,7131.600000005327,2765.712976592823,0.0,0.0,0,0,Low,✅ Stable
Estonia,2024-08-12,EST,Europe,0.0,0.0,0.0,0.0,1.29,65.62,65.06,2577.76,0.12,4.69,1326064,31.03,42.7,29481.25,11.11,615433.0,0.0,0.0,1.0,0.0,-0.7,0.0,0.0,0.0,0,0,Low,✅ Stable
Eswatini,2024-08-04,SWZ,Africa,0.0,75356.0,0.0,1427.0,0.76,43.78,35.56,461.02,0.04,2.1,1201680,79.49,21.5,7738.98,11.11,74267.0,0.0,0.0,1.0,0.0,7534.900000004942,62708.87424272685,0.0,0.0,0,0,Low,✅ Stable
Ethiopia,2024-08-04,ETH,Africa,0.0,501193.0,0.0,7574.0,1.03,42.54,35.38,41.77,0.13,0.3,123379928,104.96,19.8,1729.93,22.22,500116.0,0.0,0.0,1.0,0.0,43853.687500238826,4062.1923527139684,0.0,0.0,0,0,Low,✅ Stable
Falkland Islands,2024-08-04,FLK,South America,0.0,1923.0,0.0,0.0,,69.24,46.7,,,,3801,,,,,,0.0,0.0,1.0,0.0,35.68108108108112,505919.49486977106,0.0,0.0,0,0,Low,✅ Stable
Faroe Islands,2024-08-04,FRO,Europe,0.0,34658.0,0.0,28.0,,78.53,76.99,14707.4,0.66,,53117,35.31,,,14.81,,0.0,0.0,1.0,0.0,45.95500000000001,652484.1387879587,0.0,0.0,0,2,High,✅ Stable
Fiji,2024-08-04,FJI,Oceania,0.0,69047.0,0.0,885.0,1.01,76.58,68.96,604.06,,2.3,929769,49.56,28.6,8702.98,25.74,68898.0,0.0,0.0,1.0,0.0,6904.000000001496,74262.5318761972,0.0,0.0,0,2,High,✅ Stable
Finland,2024-08-04,FIN,Europe,0.0,1499712.0,0.0,11466.0,0.12,81.65,78.46,1994.02,0.33,3.28,5540745,18.14,42.8,40585.72,11.11,1463644.0,0.0,0.0,1.0,0.0,3975.809090909055,270669.73845574923,0.0,0.0,0,0,Low,✅ Stable
France,2024-08-04,FRA,Europe,0.0,38997490.0,0.0,168091.0,0.74,80.63,78.44,4126.75,0.23,5.98,67813000,122.58,42.0,38605.67,11.11,39866718.0,0.0,0.0,1.0,0.0,3419.2753194672464,575073.9533717723,0.0,0.0,0,2,High,✅ Stable
French Guiana,2024-08-04,GUF,South America,0.0,98041.0,0.0,413.0,,,,,,,304568,,25.3,,,,0.0,0.0,1.0,0.0,5278.430769231015,321901.8412965249,0.0,0.0,0,0,Low,✅ Stable
French Polynesia,2024-08-04,PYF,Oceania,47.0,79387.0,0.0,650.0,,62.33,60.99,,,,306292,77.32,32.7,,,,6.714285714285714,3.357142857142857,1.0,0.0005923871943533943,1181.6595744681279,259187.3114544291,6.714285714285714,3.357142857142857,0,0,Low,✅ Stable
Gabon,2024-08-04,GAB,Africa,0.0,49051.0,0.0,307.0,0.08,13.03,10.78,683.37,0.04,6.3,2388997,7.86,23.1,16562.41,11.11,48981.0,0.0,0.0,1.0,0.0,17167.149999971964,20532.047549662053,0.0,0.0,0,0,Low,✅ Stable
Gambia,2024-08-04,GMB,Africa,0.0,12627.0,0.0,372.0,0.01,24.92,19.93,58.97,0.01,1.1,2705995,207.57,17.5,1561.77,11.11,12598.0,0.0,0.0,1.0,0.0,8838.199999998635,4666.305739663229,0.0,0.0,0,0,Low,✅ Stable
Georgia,2024-08-04,GEO,Asia,0.0,1863615.0,0.0,17150.0,0.31,44.19,34.08,3632.94,0.07,2.6,3744385,65.03,38.7,9745.08,5.56,1827537.0,0.0,0.0,1.0,0.0,11245.252586196104,497709.2366303145,0.0,0.0,0,2,High,✅ Stable
Germany,2024-08-04,DEU,Europe,0.0,38437756.0,0.0,174979.0,1.18,77.82,76.24,1574.02,0.42,8.0,83369840,237.02,46.6,45229.24,11.11,38249060.0,0.0,0.0,1.0,0.0,24481.947133792655,461051.0947364179,0.0,0.0,0,2,High,✅ Stable
Ghana,2024-08-04,GHA,Africa,0.0,172062.0,0.0,1462.0,0.3,41.42,32.2,75.08,0.26,0.9,33475870,126.72,21.1,4227.63,33.38,171229.0,0.0,0.07142857142857142,1.0,0.0,120442.69999829713,5139.881353344962,0.0,0.0,0,0,Low,✅ Stable
Gibraltar,2024-08-04,GIB,Europe,0.0,20550.0,0.0,113.0,,129.07,126.89,16322.86,0.09,,32677,3457.1,,,,,0.0,0.0,1.0,0.0,162.76590909090996,628882.700370291,0.0,0.0,0,2,High,✅ Stable
Greece,2024-08-04,GRC,Europe,5818.0,5673681.0,40.0,39258.0,0.29,76.44,73.64,8088.12,0.08,4.21,10384972,83.48,45.3,24574.38,11.11,5548487.0,831.1428571428571,852.0,0.9522094926350245,0.0010264891723741343,681.9360776899304,546335.7050938606,831.1428571428571,1.0708632431437513,0,0,Low,✅ Stable
Greenland,2024-08-04,GRL,North America,0.0,11971.0,0.0,21.0,,72.98,68.17,,,,56494,0.14,,,11.11,,0.0,0.0,1.0,0.0,238.72000000000267,211898.60870180905,0.0,0.0,0,2,High,✅ Stable
Grenada,2024-08-04,GRD,North America,0.0,19693.0,0.0,238.0,0.04,35.26,31.11,1357.8,0.12,3.7,125459,317.13,29.4,13593.88,,19680.0,0.0,0.0,1.0,0.0,1377.8099999999988,156967.61491802102,0.0,0.0,0,0,Low,✅ Stable
Guadeloupe,2024-08-04,GLP,North America,0.0,203235.0,0.0,1021.0,,,,,,,395762,,43.4,,,,0.0,0.0,1.0,0.0,355.85263157894616,513528.3326847954,0.0,0.0,0,0,Low,✅ Stable
Guam,2024-08-04,GUM,Oceania,0.0,52287.0,0.0,419.0,,,,1897.08,0.1,,171783,304.13,31.4,,0.0,,0.0,0.0,1.0,0.0,914.3225000001132,304378.19807547895,0.0,0.0,0,0,Low,✅ Stable
Guatemala,2024-08-04,GTM,North America,1.0,1250371.0,0.0,20203.0,0.92,50.07,39.94,231.01,0.19,0.6,17843914,157.83,22.9,7423.81,36.57,1238247.0,0.14285714285714285,0.14285714285714285,1.0,7.997632700540436e-07,875259.0000197156,70072.68696766863,0.14285714285714285,0.11111111111111112,0,2,High,✅ Stable
Guernsey,2024-08-04,GGY,Europe,0.0,35326.0,0.0,67.0,,85.62,83.23,,,,63329,,,,,,0.0,0.0,1.0,0.0,271.0384615384625,557817.1138025234,0.0,0.0,0,0,Low,✅ Stable
Guinea,2024-08-04,GIN,Africa,0.0,38572.0,0.0,468.0,0.06,62.89,42.24,52.35,0.0,0.3,13859349,51.76,19.0,1998.93,25.45,38267.0,0.0,0.0,1.0,0.0,6749.399999995555,2783.10330449143,0.0,0.0,0,0,Low,✅ Stable
Guinea-Bissau,2024-08-04,GNB,Africa,0.0,9614.0,0.0,177.0,-0.0,35.48,26.01,69.37,0.02,,2105580,66.19,19.4,1548.68,,8960.0,0.0,0.0,1.0,0.0,24.7916666666666,4565.962822595199,0.0,0.0,0,0,Low,✅ Stable
Guyana,2024-08-04,GUY,South America,4.0,74443.0,0.0,1302.0,1.05,61.24,47.23,550.23,0.34,1.6,808727,3.95,26.3,7435.05,18.52,73075.0,0.5714285714285714,1.5,1.0,5.373527317664717e-05,13026.825000011599,92049.60388363441,0.5714285714285714,0.12903225806451613,0,2,High,✅ Stable
Haiti,2024-08-04,HTI,North America,0.0,34456.0,0.0,860.0,0.08,4.5,3.16,18.05,0.04,0.7,11585003,398.45,24.3,1653.17,31.48,34202.0,0.0,0.0,1.0,0.0,3014.1999999998566,2974.189993735867,0.0,0.0,0,0,Low,✅ Stable
Honduras,2024-08-04,HND,North America,1.0,472896.0,0.0,11114.0,0.54,63.23,56.11,,,0.7,10432858,82.8,24.9,4541.8,23.15,472250.0,0.14285714285714285,0.35714285714285715,1.0,2.1146343267552936e-06,331026.50001623866,45327.56029076596,0.14285714285714285,0.09090909090909091,0,2,High,✅ Stable
Hong Kong,2024-08-10,HKG,Asia,0.0,0.0,0.0,0.0,,92.41,90.85,6594.99,0.0,,7488863,7039.71,44.8,56054.92,11.11,,0.0,0.0,1.0,0.0,,0.0,0.0,0.0,0,2,High,✅ Stable
Hungary,2024-08-04,HUN,Europe,143.0,2230800.0,0.0,49053.0,0.93,64.42,62.28,1127.08,0.22,7.02,9967304,108.04,43.4,26777.56,11.11,2196804.0,20.428571428571427,14.928571428571429,2.1666666666666665,6.410667350476018e-05,10919.299999991767,223811.7749794729,20.428571428571427,2.8599999999999994,0,2,High,"⚠️ Rising Rt, High Positivity Rate, Accelerating Cases"
Iceland,2024-08-04,ISL,Europe,27.0,210374.0,0.0,186.0,0.02,83.07,77.82,3709.57,,2.91,372903,3.4,37.3,46482.96,5.56,209137.0,3.857142857142857,4.214285714285714,1.0,0.00012835933005939104,5453.4407407401895,564152.0717183825,3.857142857142857,0.41538461538461535,0,2,High,✅ Stable
India,2024-08-12,IND,Asia,0.0,0.0,0.0,0.0,1.04,72.5,67.18,609.94,0.03,0.53,1417173120,450.42,28.2,6426.67,28.7,44690738.0,0.0,22.357142857142858,1.0,0.0,-0.7,0.0,0.0,0.0,0,2,High,✅ Stable
Indonesia,2024-08-04,IDN,Asia,46.0,6829399.0,0.0,162059.0,0.55,74.2,63.51,217.36,0.08,1.04,275501344,145.72,29.3,11188.74,14.93,6738225.0,6.571428571428571,3.2857142857142856,1.0,6.73563073982919e-06,103924.93695664668,24788.986147377924,6.571428571428571,0.8363636363636364,0,2,High,✅ Stable
Iran,2024-08-04,IRN,Asia,0.0,7627863.0,0.0,146837.0,1.28,73.63,66.16,594.48,0.01,1.5,88550568,49.83,32.4,19082.62,53.94,7572311.0,0.0,0.0,1.0,0.0,15082.644915257111,86141.32209744833,0.0,0.0,0,2,High,✅ Stable
Iraq,2024-08-04,IRQ,Asia,0.0,2465545.0,0.0,25375.0,0.11,25.47,17.85,436.51,0.01,1.4,44496124,88.12,20.0,15663.99,16.67,2465545.0,0.0,0.0,1.0,0.0,10033.494767441127,55410.33192014657,0.0,0.0,0,0,Low,✅ Stable
Ireland,2024-08-04,IRL,Europe,761.0,1745088.0,9.0,9744.0,0.27,81.87,80.94,2476.14,0.32,2.96,5023108,69.87,38.7,67335.29,5.56,1704502.0,108.71428571428571,119.07142857142857,0.8399558498896248,0.0004362714101198151,1604.5057818658254,347412.0006975761,108.71428571428571,0.7694641051567239,0,1,Medium,✅ Stable
Isle of Man,2024-08-04,IMN,Europe,0.0,38008.0,0.0,116.0,,82.29,79.38,,,,84534,147.87,,,,,0.0,0.0,1.0,0.0,123.62523364485817,449617.90522156766,0.0,0.0,0,0,Low,✅ Stable
Israel,2024-08-04,ISR,Asia,0.0,4841558.0,0.0,12707.0,0.9,71.15,65.19,5573.14,0.33,2.99,9449000,402.61,30.6,33132.32,14.81,4803824.0,0.0,0.0,1.0,0.0,18827.581111145744,512388.400888983,0.0,0.0,0,2,High,✅ Stable
Italy,2024-08-07,ITA,Europe,0.0,0.0,0.0,0.0,1.31,86.28,81.21,3796.0,0.21,3.18,59037472,205.86,47.9,35220.08,21.99,25603510.0,907.1428571428571,1573.2142857142858,0.405103668261563,0.0,-0.7,0.0,907.1428571428571,0.551023950017355,0,0,Low,✅ Stable
Jamaica,2024-08-04,JAM,North America,12.0,157181.0,0.0,3611.0,0.03,30.41,26.88,397.6,0.22,1.7,2827382,266.88,31.4,8193.57,11.11,154416.0,1.7142857142857142,2.357142857142857,1.0,7.635093434466e-05,9168.191666654544,55592.417296283274,1.7142857142857142,0.3157894736842105,0,2,High,"⚠️ Low Vaccination, High Positivity Rate"
Japan,2024-08-04,JPN,Asia,0.0,33803572.0,0.0,74694.0,0.92,84.47,83.4,429.37,0.15,13.05,123951696,347.78,48.2,39002.22,33.33,33320438.0,0.0,0.0,1.0,0.0,962.012087554555,272715.6875691318,0.0,0.0,0,2,High,✅ Stable
Jersey,2024-08-04,JEY,Europe,0.0,66391.0,0.0,161.0,,76.14,73.9,,,,110796,,,,,,0.0,0.0,1.0,0.0,3574.199999998451,599218.3833351384,0.0,0.0,0,0,Low,✅ Stable
Jordan,2024-08-04,JOR,Asia,0.0,1746997.0,0.0,14122.0,-0.01,42.72,40.39,1507.25,0.02,1.4,11285875,109.28,23.2,8337.49,0.0,1746997.0,0.0,0.0,1.0,0.0,621.6398982187872,154794.99817249438,0.0,0.0,0,0,Low,✅ Stable
Kazakhstan,2024-08-04,KAZ,Asia,0.0,1504370.0,0.0,19072.0,-0.01,55.98,54.79,623.29,0.03,6.7,19397998,6.68,30.6,24055.59,5.56,1498668.0,0.0,0.0,1.0,0.0,175509.13333271342,77552.84849498386,0.0,0.0,0,0,Low,✅ Stable
Kenya,2024-08-04,KEN,Africa,0.0,344106.0,0.0,5689.0,0.54,26.83,20.53,70.33,0.11,1.4,54027484,87.32,20.0,2993.03,22.77,342937.0,0.0,0.0,1.0,0.0,240873.49999111064,6369.09170154953,0.0,0.0,0,0,Low,"⚠️ Low Vaccination, High Positivity Rate"
Kiribati,2024-08-04,KIR,Oceania,0.0,5085.0,0.0,24.0,-0.0,76.88,62.08,,,1.9,131237,143.7,23.2,1981.13,0.0,5014.0,0.0,0.0,1.0,0.0,1185.7999999999083,38746.69491073401,0.0,0.0,0,0,Low,✅ Stable
Kosovo,2024-08-04,OWID_KOS,Europe,0.0,274279.0,0.0,3212.0,1.52,50.89,46.3,1036.05,0.08,,1782115,168.16,,9795.83,25.04,273312.0,0.0,0.0,1.0,0.0,5999.153125001629,153906.45384837678,0.0,0.0,0,2,High,✅ Stable
Kuwait,2024-08-04,KWT,Asia,0.0,667290.0,0.0,2570.0,0.06,80.99,78.39,1931.45,0.02,2.0,4268886,232.13,33.7,65530.54,5.56,663860.0,0.0,0.0,1.0,0.0,14596.2687500248,156314.78563728335,0.0,0.0,0,2,High,✅ Stable
Kyrgyzstan,2024-08-04,KGZ,Asia,0.0,88953.0,0.0,1024.0,0.01,26.19,21.2,,,4.5,6630621,32.33,26.3,3393.47,11.11,206708.0,0.0,0.0,1.0,0.0,12452.720000015965,13415.485517872306,0.0,0.0,0,0,Low,✅ Stable
Laos,2024-08-04,LAO,Asia,0.0,219060.0,0.0,671.0,0.54,78.21,69.36,138.75,0.11,1.5,7529477,29.72,24.4,6397.36,28.61,218023.0,0.0,0.0,1.0,0.0,38334.800000193565,29093.654180761827,0.0,0.0,0,0,Low,✅ Stable
Latvia,2024-08-04,LVA,Europe,0.0,977765.0,0.0,7475.0,0.84,72.74,70.57,3876.14,0.12,5.57,1850654,31.21,43.9,25063.85,0.0,976255.0,0.0,0.0,1.0,0.0,85553.73749929607,528334.8481131536,0.0,0.0,0,2,High,✅ Stable
Lebanon,2024-08-04,LBN,Asia,0.0,1239904.0,0.0,10947.0,1.42,49.92,43.98,846.0,,2.9,5489744,594.56,31.1,13367.56,16.67,1232828.0,0.0,0.0,1.0,0.0,641.2621301774717,225858.2549568796,0.0,0.0,0,2,High,✅ Stable
Lesotho,2024-08-04,LSO,Africa,0.0,36138.0,0.0,709.0,0.0,43.98,40.68,201.51,0.12,,2305826,73.56,22.2,2851.15,11.11,34790.0,0.0,0.0,1.0,0.0,8431.499999989443,15672.474852829313,0.0,0.0,0,0,Low,✅ Stable
Liberia,2024-08-04,LBR,Africa,0.0,7930.0,0.0,294.0,0.13,73.62,70.36,26.92,,0.8,5302690,49.13,19.2,752.79,33.16,8090.0,0.0,0.0,1.0,0.0,-35.39375000000002,1495.4673948505383,0.0,0.0,0,0,Low,✅ Stable
Libya,2024-08-04,LBY,Africa,0.0,507269.0,0.0,6437.0,0.01,34.0,18.15,,0.25,3.7,6812344,3.62,29.0,17881.51,13.89,507187.0,0.0,0.0,1.0,0.0,355087.5999988126,74463.20972634382,0.0,0.0,0,2,High,"⚠️ Low Vaccination, High Positivity Rate"
Liechtenstein,2024-08-04,LIE,Europe,0.0,21588.0,0.0,89.0,0.85,68.02,,2321.58,0.34,2.4,39355,237.01,,,11.11,21432.0,0.0,0.07142857142857142,1.0,0.0,15110.899999991756,548545.2928471605,0.0,0.0,0,2,High,✅ Stable
Lithuania,2024-08-14,LTU,Europe,0.0,0.0,0.0,0.0,1.01,71.21,68.4,3128.55,0.21,6.56,2750058,45.14,43.5,29524.26,11.11,1307448.0,0.0,57.642857142857146,1.0,0.0,-0.7,0.0,0.0,0.0,0,0,Low,✅ Stable
Luxembourg,2024-08-04,LUX,Europe,190.0,393542.0,0.0,1000.0,0.41,74.42,71.45,6725.73,0.38,4.51,647601,231.45,39.7,94277.96,11.11,317367.0,27.142857142857142,28.714285714285715,0.8962264150943396,0.0004830279240986002,1449.19157894712,607692.0820072853,27.142857142857142,0.5974842767295597,0,0,Low,✅ Stable
Macao,2023-04-13,MAC,Asia,0.0,0.0,0.0,0.0,,97.77,92.39,,,,695180,20546.77,39.2,104861.85,36.11,,0.0,0.0,1.0,0.0,,0.0,0.0,0.0,0,2,High,✅ Stable
Madagascar,2024-08-04,MDG,Africa,0.0,68567.0,0.0,1428.0,0.42,9.15,8.88,15.62,0.05,0.2,29611718,43.95,19.6,1416.44,0.0,67889.0,0.0,0.07142857142857142,1.0,0.0,47996.19999985144,2315.536032053257,0.0,0.0,0,0,Low,✅ Stable
Malawi,2024-08-04,MWI,Africa,0.0,89168.0,0.0,2686.0,0.02,26.63,21.01,29.63,0.07,1.3,20405318,197.52,18.1,1095.04,17.59,88707.0,0.0,0.0,1.0,0.0,10402.23333331636,4369.841234525235,0.0,0.0,0,0,Low,✅ Stable
Malaysia,2024-08-14,MYS,Asia,0.0,0.0,0.0,0.0,0.68,82.91,81.18,1806.39,0.06,1.9,33938216,96.25,29.9,26808.16,13.89,5044718.0,0.0,77.5,1.0,0.0,-0.7,0.0,0.0,0.0,0,2,High,✅ Stable
Maldives,2024-08-04,MDV,Asia,0.0,186694.0,0.0,316.0,0.13,76.23,73.53,4240.25,0.0,,523798,1454.43,30.6,15183.62,,185738.0,0.0,0.0,1.0,0.0,18668.699999978482,356423.65950232727,0.0,0.0,0,2,High,✅ Stable
Mali,2024-08-04,MLI,Africa,0.0,33166.0,0.0,743.0,0.2,19.27,16.08,32.33,0.0,0.1,22593598,15.2,16.4,2014.31,23.69,33062.0,0.0,0.0,1.0,0.0,11607.399999978825,1467.9379530431586,0.0,0.0,0,2,High,✅ Stable
Malta,2024-08-04,MLT,Europe,80.0,122796.0,1.0,922.0,1.36,89.81,88.43,3703.59,0.23,4.49,533293,1454.04,42.4,36513.32,11.11,117610.0,11.428571428571429,15.642857142857142,0.5755395683453237,0.0006519117311516442,1073.7649999999305,230259.91340595135,11.428571428571429,0.37209302325581395,0,0,Low,✅ Stable
Marshall Islands,2024-08-04,MHL,Oceania,0.0,16297.0,0.0,17.0,0.01,,,75.72,0.0,2.7,41593,295.15,,3819.2,,15649.0,0.0,3.2142857142857144,1.0,0.0,252.808888888888,391820.7390666699,0.0,0.0,0,2,High,✅ Stable
Martinique,2024-08-04,MTQ,North America,0.0,230354.0,0.0,1104.0,,,,,,,367512,,45.7,,,,0.0,0.0,1.0,0.0,424.75593667548554,626793.138727443,0.0,0.0,0,0,Low,✅ Stable
Mauritania,2024-08-04,MRT,Africa,0.0,63872.0,0.0,997.0,0.0,44.42,32.53,216.29,0.01,,4736146,4.29,20.3,3597.63,8.33,63668.0,0.0,0.0,1.0,0.0,14902.76666666867,13486.070741907028,0.0,0.0,0,0,Low,✅ Stable
Mauritius,2024-08-04,MUS,Africa,0.0,328167.0,0.0,1073.0,0.36,86.48,83.74,987.58,0.0,3.4,1299478,622.96,37.4,20292.74,5.56,296042.0,0.0,0.0,1.0,0.0,4253.316666668386,252537.55738842825,0.0,0.0,0,2,High,✅ Stable
Mayotte,2024-08-04,MYT,Africa,0.0,42027.0,0.0,187.0,,,,,,,326113,,20.1,,,,0.0,0.0,1.0,0.0,1547.6631578950953,128872.50738241037,0.0,0.0,0,0,Low,✅ Stable
Mexico,2024-08-04,MEX,North America,340.0,7619458.0,0.0,334551.0,0.63,76.22,64.19,122.88,0.49,1.38,127504120,66.44,29.3,17336.47,13.89,7483444.0,48.57142857142857,85.71428571428571,0.3953488372093023,4.4624587780317526e-05,15686.419411783285,59758.52388142438,48.57142857142857,0.3501544799176107,0,0,Low,✅ Stable
Micronesia (country),2024-08-04,FSM,Oceania,0.0,31765.0,0.0,65.0,0.01,,,,,,114178,150.78,23.0,3299.46,,,0.0,0.0,1.0,0.0,3.4914231856738924,278205.9591164673,0.0,0.0,0,0,Low,✅ Stable
Moldova,2024-08-04,MDA,Europe,743.0,637520.0,2.0,12245.0,0.99,33.9,32.97,,0.24,5.8,3272993,123.66,37.6,5189.97,5.56,611140.0,106.14285714285714,89.57142857142857,1.4540117416829745,0.001166813499859476,599.9244952893533,194781.96256453954,106.14285714285714,2.8358778625954195,0,2,High,"⚠️ Rising Rt, High Positivity Rate"
Monaco,2024-08-04,MCO,Europe,0.0,17181.0,0.0,67.0,0.73,79.13,70.34,,,13.8,36491,19347.5,,,13.31,16121.0,0.0,0.0,1.0,0.0,801.0799999999956,470828.42344687734,0.0,0.0,0,0,Low,✅ Stable
Mongolia,2024-08-04,MNG,Asia,0.0,1011489.0,0.0,2136.0,0.21,66.88,64.02,2213.04,0.24,7.0,3398373,1.98,28.6,11840.85,11.11,1007900.0,0.0,0.0,1.0,0.0,141607.75999704903,297639.19381421636,0.0,0.0,0,2,High,✅ Stable
Montenegro,2024-08-04,MNE,Europe,0.0,251280.0,0.0,2654.0,1.16,46.69,45.43,,,3.86,627082,46.28,39.1,16409.29,,288808.0,0.0,0.0,1.0,0.0,9256.984210517596,400713.1443734631,0.0,0.0,0,0,Low,✅ Stable
Montserrat,2024-08-04,MSR,North America,0.0,1403.0,0.0,8.0,,47.68,44.23,,,,4413,,,,,,0.0,0.0,1.0,0.0,88.58181818181713,317924.31452526624,0.0,0.0,0,0,Low,✅ Stable
Morocco,2024-08-04,MAR,Africa,0.0,1279115.0,0.0,16305.0,0.75,66.8,62.8,316.61,0.11,1.1,37457976,80.08,29.6,7485.01,24.46,1272490.0,0.0,0.0,1.0,0.0,89537.35000106978,34148.00094911695,0.0,0.0,0,2,High,✅ Stable
Mozambique,2024-08-04,MOZ,Africa,0.0,233843.0,0.0,2252.0,0.23,69.37,64.7,41.83,0.1,0.7,32969520,37.73,17.7,1136.1,12.04,233214.0,0.0,0.07142857142857142,1.0,0.0,163689.4000036251,7092.702593183037,0.0,0.0,0,0,Low,✅ Stable
Myanmar,2024-08-04,MMR,Asia,26.0,642885.0,0.0,19494.0,0.81,76.69,66.33,154.88,0.0,0.9,54179312,81.72,29.1,5591.6,37.04,,3.7142857142857144,3.2857142857142856,1.0,4.0444327605193564e-05,17307.7423077275,11865.876037702361,3.7142857142857144,0.962962962962963,0,2,High,✅ Stable
Namibia,2024-08-04,NAM,Africa,0.0,172533.0,0.0,4108.0,0.28,24.53,21.46,417.38,0.06,,2567024,3.08,22.0,9541.81,5.56,171156.0,0.0,0.07142857142857142,1.0,0.0,120772.39999787278,67211.29214218489,0.0,0.0,0,2,High,✅ Stable
Nauru,2024-08-04,NRU,Oceania,0.0,5393.0,0.0,1.0,-0.0,103.27,89.4,,,5.0,12691,682.45,,12895.64,,5247.0,0.0,0.0,1.0,0.0,101.3297297297299,424946.81270191475,0.0,0.0,0,0,Low,✅ Stable
Nepal,2024-08-04,NPL,Asia,0.0,1003450.0,0.0,12031.0,0.79,91.28,80.11,232.03,0.01,0.3,30547586,204.43,25.0,2442.8,32.44,1001154.0,0.0,0.0,1.0,0.0,234137.63332709306,32848.74948874848,0.0,0.0,0,2,High,✅ Stable
Netherlands,2024-08-04,NLD,Europe,383.0,8640008.0,0.0,22986.0,1.22,71.64,67.0,1753.39,0.68,3.32,17564020,508.54,43.2,48472.54,11.11,8712835.0,54.714285714285715,59.5,0.851111111111111,4.433062777597918e-05,15790.437336854031,491915.1765939688,54.714285714285715,0.7737373737373738,0,0,Low,✅ Stable
New Caledonia,2024-08-04,NCL,Oceania,0.0,80163.0,0.0,314.0,,66.35,63.74,,,,289959,15.34,33.4,,,,0.0,0.0,1.0,0.0,566.10909090905,276463.224110995,0.0,0.0,0,0,Low,✅ Stable
New Zealand,2024-08-11,NZL,Oceania,0.0,0.0,0.0,0.0,0.01,82.97,82.77,1416.09,,2.61,5185289,18.21,37.9,36085.84,11.11,2236114.0,0.0,123.57142857142857,1.0,0.0,-0.7,0.0,0.0,0.0,0,2,High,✅ Stable
Nicaragua,2024-08-04,NIC,North America,2.0,16185.0,0.0,245.0,0.0,92.17,88.17,28.67,0.02,0.9,6948395,51.67,27.3,5321.44,13.89,15655.0,0.2857142857142857,0.42857142857142855,1.0,0.00012358647963917058,5664.049999998025,2329.314899340063,0.2857142857142857,0.18181818181818182,0,0,Low,✅ Stable
Niger,2024-08-04,NER,Africa,0.0,9518.0,0.0,315.0,0.03,23.84,20.92,10.08,0.01,0.3,26207982,16.95,15.1,926.0,10.55,9508.0,0.0,0.0,1.0,0.0,6661.899999999089,363.1718001027321,0.0,0.0,0,0,Low,✅ Stable
Nigeria,2024-08-04,NGA,Africa,0.0,267188.0,0.0,3155.0,0.11,42.93,37.2,24.74,0.0,,218541216,209.59,18.1,5338.45,11.11,266598.0,0.0,0.0,1.0,0.0,12468.073333342903,1222.597754741147,0.0,0.0,0,0,Low,✅ Stable
Niue,2024-08-04,NIU,Oceania,0.0,1074.0,0.0,0.0,,83.91,83.76,,,,1952,,,,,,0.0,0.0,1.0,0.0,106.69999999999972,550204.9180327869,0.0,0.0,0,0,Low,✅ Stable
North Korea,2024-08-04,PRK,Asia,0.0,0.0,0.0,0.0,,,,7.04,,13.2,26069416,211.7,35.3,,,,0.0,0.0,1.0,0.0,,0.0,0.0,0.0,0,0,Low,✅ Stable
North Macedonia,2024-08-04,MKD,Europe,116.0,350924.0,0.0,9978.0,0.27,40.82,40.04,986.12,0.07,4.28,2093606,82.6,39.1,13111.21,,346852.0,16.571428571428573,13.857142857142858,1.4871794871794874,0.0003306652071788374,2116.9448275863238,167617.0205855352,16.571428571428573,1.7058823529411768,0,2,High,✅ Stable
Northern Cyprus,2022-12-06,OWID_CYN,Asia,0.0,0.0,0.0,0.0,,78.8,81.78,,,,382836,,,,,,0.0,0.0,1.0,0.0,,0.0,0.0,0.0,0,0,Low,✅ Stable
Northern Ireland,2023-12-11,OWID_NIR,Europe,0.0,0.0,0.0,0.0,,75.46,71.78,,,,1896000,,,,,,0.0,0.0,1.0,0.0,,0.0,0.0,0.0,0,0,Low,✅ Stable
Northern Mariana Islands,2024-08-04,MNP,Oceania,31.0,14912.0,0.0,41.0,,,,1194.6,0.7,,49574,119.88,,,,,4.428571428571429,5.357142857142857,1.0,0.0020831933337812636,336.0225806451723,300802.8401984911,4.428571428571429,0.4769230769230769,0,2,High,✅ Stable
Norway,2024-08-04,NOR,Europe,745.0,1512647.0,0.0,5732.0,1.01,79.99,74.61,2064.5,0.32,3.6,5434324,14.46,39.7,64800.06,11.11,1479506.0,106.42857142857143,101.92857142857143,1.0923753665689149,0.0004927568056660725,1420.5790604024055,278350.5363316578,106.42857142857143,1.1186186186186187,0,0,Low,✅ Stable
Oman,2024-08-04,OMN,Asia,0.0,399449.0,0.0,4628.0,0.01,71.67,66.62,449.44,0.01,1.6,4576300,14.98,30.7,37960.71,11.11,399449.0,0.0,0.0,1.0,0.0,9985.525000011234,87286.4541223259,0.0,0.0,0,2,High,✅ Stable
Pakistan,2024-08-04,PAK,Asia,0.0,1580631.0,0.0,30656.0,0.24,70.21,59.57,124.85,0.02,0.6,235824864,255.57,23.5,5034.71,40.54,1577411.0,0.0,0.0,1.0,0.0,16513.355223886734,6702.562966388481,0.0,0.0,0,0,Low,✅ Stable
Palau,2024-08-04,PLW,Oceania,0.0,6372.0,0.0,10.0,0.35,,,3308.2,0.03,4.8,18084,47.24,,13240.4,,5991.0,0.0,0.0,1.0,0.0,742.7000000000562,352355.67352355673,0.0,0.0,0,0,Low,✅ Stable
Palestine,2024-08-04,PSE,Asia,0.0,703228.0,0.0,5708.0,0.0,38.34,33.85,,0.2,,5250076,778.2,20.4,4449.9,5.56,,0.0,0.0,1.0,0.0,3095.2723270425345,133946.25144474098,0.0,0.0,0,0,Low,✅ Stable
Panama,2024-08-04,PAN,North America,0.0,1044821.0,0.0,8748.0,0.6,80.15,72.0,1493.64,0.18,2.3,4408582,55.13,29.7,22267.04,20.37,1031731.0,0.0,2.5714285714285716,1.0,0.0,20315.26388887561,236997.0661768342,0.0,0.0,0,2,High,✅ Stable
Papua New Guinea,2024-08-04,PNG,Oceania,0.0,46864.0,0.0,670.0,0.55,3.77,3.17,25.04,,,10142625,18.22,22.6,3823.19,5.56,46825.0,0.0,0.0,1.0,0.0,2342.499999999879,4620.500117080144,0.0,0.0,0,0,Low,✅ Stable
Paraguay,2024-08-04,PRY,South America,0.0,735759.0,0.0,19880.0,0.34,58.9,52.31,389.3,0.07,1.3,6780745,17.14,26.5,8827.01,11.11,808401.0,0.0,0.0,1.0,0.0,10299.925999990564,108507.10357047788,0.0,0.0,0,0,Low,✅ Stable
Peru,2024-08-04,PER,South America,0.0,4526977.0,0.0,220975.0,0.64,89.76,84.32,859.28,0.01,1.6,34049588,25.13,29.1,12236.71,11.11,4487553.0,0.0,0.0,1.0,0.0,198054.54374961316,132952.47507840625,0.0,0.0,0,2,High,✅ Stable
Philippines,2024-08-04,PHL,Asia,0.0,4140383.0,0.0,66864.0,0.66,71.55,67.88,250.02,0.01,1.0,115559008,351.87,25.2,7599.19,25.41,4077452.0,0.0,0.0,1.0,0.0,1592.6304562944376,35829.16703473259,0.0,0.0,0,2,High,✅ Stable
Pitcairn,2024-08-04,PCN,Oceania,0.0,4.0,0.0,0.0,,100.0,100.0,,,,47,,,,,,0.0,0.0,1.0,0.0,0.0,85106.3829787234,0.0,0.0,0,0,Low,✅ Stable
Poland,2024-08-04,POL,Europe,2463.0,6670799.0,4.0,120726.0,1.0,57.4,56.83,964.88,0.06,6.62,39857144,124.03,41.8,27216.44,9.26,6444960.0,351.85714285714283,297.2857142857143,1.4496762801648027,0.00036935751287869856,1895.182785221668,167367.71204680396,351.85714285714283,2.674267100977198,0,0,Low,✅ Stable
Portugal,2024-08-04,PRT,Europe,1055.0,5664109.0,50.0,28809.0,0.48,95.62,86.75,4161.81,0.51,3.39,10270857,112.37,46.2,27936.9,11.11,5570473.0,150.71428571428572,177.0,0.7413914265635981,0.00018629523928259673,3757.476587676776,551473.8448797408,150.71428571428572,0.5980725623582767,0,0,Low,✅ Stable
Puerto Rico,2024-08-04,PRI,North America,0.0,1252713.0,0.0,5938.0,,,,927.24,0.24,,3252412,376.23,38.2,35044.67,0.0,,0.0,0.0,1.0,0.0,269.6141491985158,385164.30267752055,0.0,0.0,0,2,High,✅ Stable
Qatar,2024-08-04,QAT,Asia,0.0,514524.0,0.0,690.0,0.74,105.83,105.83,2817.62,,1.2,2695131,227.32,31.9,116935.6,11.11,495090.0,0.0,0.0,1.0,0.0,1915.0808510633499,190908.71649652653,0.0,0.0,0,2,High,✅ Stable
Reunion,2024-08-04,REU,Africa,0.0,494595.0,0.0,921.0,,,,,,,974062,,36.0,,,,0.0,0.0,1.0,0.0,498.8909090909352,507765.419449686,0.0,0.0,0,0,Low,✅ Stable
Romania,2024-08-04,ROU,Europe,4633.0,3541619.0,6.0,68825.0,0.01,41.65,41.28,1099.95,0.06,6.89,19659270,85.13,43.0,23313.2,11.11,3346046.0,661.8571428571429,545.1428571428571,1.5448482827609202,0.0013098723037072713,534.4032376429536,180150.07678311554,661.8571428571429,2.502971366828741,0,2,High,"⚠️ Rising Rt, Accelerating Cases"
Russia,2024-08-04,RUS,Europe,7777.0,24268728.0,10.0,403188.0,0.82,61.56,55.08,2034.73,0.03,8.05,144713312,8.82,39.6,24765.95,11.11,22075858.0,1111.0,994.6428571428571,1.2649642160052048,0.00032055627168126044,2183.703960395549,167702.11160670553,1111.0,1.430121368150055,0,0,Low,✅ Stable
Rwanda,2024-08-04,RWA,Africa,0.0,133264.0,0.0,1468.0,0.09,79.01,75.49,411.16,0.01,,13776702,494.87,20.3,1854.21,25.64,133194.0,0.0,0.0,1.0,0.0,31094.23333343126,9673.142381972115,0.0,0.0,0,2,High,✅ Stable
Saint Barthelemy,2024-08-04,BLM,North America,0.0,5507.0,0.0,5.0,,,,,,,10994,,,,,,0.0,0.0,1.0,0.0,295.83076923077687,500909.58704748045,0.0,0.0,0,0,Low,✅ Stable
Saint Helena,2024-08-04,SHN,Africa,0.0,2166.0,0.0,0.0,,80.74,65.38,,,,5401,,,,,,0.0,0.0,1.0,0.0,378.34999999999155,401036.8450286984,0.0,0.0,0,0,Low,✅ Stable
Saint Kitts and Nevis,2024-08-04,KNA,North America,0.0,6607.0,0.0,46.0,0.02,70.88,56.63,1983.78,0.01,2.3,47681,212.86,,24654.38,,6597.0,0.0,0.0,1.0,0.0,4624.200000000497,138566.7246911768,0.0,0.0,0,0,Low,✅ Stable
Saint Lucia,2024-08-04,LCA,North America,0.0,30282.0,0.0,410.0,0.17,33.43,30.56,1160.91,0.15,1.3,179872,293.19,34.9,12951.84,,30004.0,0.0,0.35714285714285715,1.0,0.0,4238.7799999978515,168353.05105853052,0.0,0.0,0,2,High,✅ Stable
Saint Martin (French part),2024-08-04,MAF,North America,0.0,12324.0,0.0,46.0,,,,,,,31816,590.53,,,,,0.0,0.0,1.0,0.0,410.10000000000366,387352.2755846115,0.0,0.0,0,0,Low,✅ Stable
Saint Pierre and Miquelon,2024-08-04,SPM,North America,0.0,3426.0,0.0,2.0,,,,,,,5885,,,,,,0.0,0.0,1.0,0.0,1198.4000000000426,582158.0288870009,0.0,0.0,0,0,Low,✅ Stable
Saint Vincent and the Grenadines,2024-08-04,VCT,North America,0.0,9674.0,0.0,124.0,0.02,36.1,30.43,1038.88,0.23,2.6,103959,281.79,31.8,10727.15,,9589.0,0.0,0.0,1.0,0.0,6771.100000006465,93055.91627468521,0.0,0.0,0,0,Low,✅ Stable
Samoa,2024-08-04,WSM,Oceania,0.0,17057.0,0.0,31.0,0.04,86.07,80.02,,,,222390,69.41,22.0,6021.56,,16607.0,0.0,0.0,1.0,0.0,2984.2750000007522,76698.59256261523,0.0,0.0,0,0,Low,✅ Stable
San Marino,2024-08-04,SMR,Europe,0.0,25292.0,0.0,126.0,1.06,78.23,70.15,,,3.8,33690,556.67,,56861.47,5.56,23616.0,0.0,0.0,1.0,0.0,110.64842767295637,750727.2187592757,0.0,0.0,0,0,Low,✅ Stable
Sao Tome and Principe,2024-08-04,STP,Africa,0.0,6771.0,0.0,80.0,0.01,61.68,49.25,21.04,0.01,2.9,227393,212.84,18.7,3052.71,,6281.0,0.0,0.0,1.0,0.0,4739.000000001805,29776.64220094726,0.0,0.0,0,0,Low,✅ Stable
Saudi Arabia,2024-08-04,SAU,Asia,0.0,841469.0,0.0,9646.0,0.84,74.27,69.86,1203.08,0.03,2.7,36408824,15.32,31.9,49045.41,11.11,830127.0,0.0,0.0,1.0,0.0,623.2706567797009,23111.677542784684,0.0,0.0,0,2,High,✅ Stable
Scotland,2023-10-02,OWID_SCT,Europe,0.0,0.0,0.0,0.0,,83.23,78.41,,,,5466000,,,,,,0.0,0.0,1.0,0.0,,0.0,0.0,0.0,0,0,Low,✅ Stable
Senegal,2024-08-04,SEN,Africa,0.0,89485.0,0.0,1971.0,0.08,15.5,8.93,65.3,0.0,,17316452,82.33,18.7,2470.58,13.89,88926.0,0.0,1.9285714285714286,1.0,0.0,2319.281481481142,5167.629027008536,0.0,0.0,0,2,High,✅ Stable
Serbia,2024-08-04,SRB,Europe,0.0,2583470.0,0.0,18057.0,0.88,48.81,47.71,1433.87,0.06,5.61,6871547,80.29,41.2,14048.88,5.56,2500142.0,0.0,0.0,1.0,0.0,503.8839843750296,375966.28532119474,0.0,0.0,0,0,Low,✅ Stable
Seychelles,2024-08-04,SYC,Africa,0.0,51886.0,0.0,172.0,0.13,82.62,78.0,,,3.6,107135,208.35,36.2,26382.29,13.89,50665.0,0.0,0.0,1.0,0.0,566.8031249999965,484304.8490222616,0.0,0.0,0,2,High,✅ Stable
Sierra Leone,2024-08-04,SLE,Africa,0.0,7979.0,0.0,125.0,0.0,65.96,57.66,50.89,0.0,,8605723,104.7,19.1,1390.3,37.96,7760.0,0.0,0.0,1.0,0.0,930.183333333439,927.1736959230503,0.0,0.0,0,0,Low,✅ Stable
Singapore,2024-08-04,SGP,Asia,0.0,3006155.0,0.0,2024.0,0.87,91.55,90.85,,0.16,2.4,5637022,7915.73,42.4,85535.38,17.59,2235294.0,0.0,0.0,1.0,0.0,858.2014285714026,533287.7891908174,0.0,0.0,0,2,High,✅ Stable
Sint Maarten (Dutch part),2024-08-04,SXM,North America,0.0,11051.0,0.0,92.0,,67.41,60.58,,,,44192,1209.09,,36327.23,,,0.0,0.0,1.0,0.0,367.666666666652,250067.8855901521,0.0,0.0,0,0,Low,✅ Stable
Slovakia,2024-08-04,SVK,Europe,61.0,1878002.0,1.0,21227.0,0.93,46.0,45.68,9405.66,0.13,5.82,5643455,113.13,41.2,30155.15,11.11,2667551.0,8.714285714285714,7.642857142857143,1.0,3.248238363195988e-05,21550.14262288498,332775.22368832567,8.714285714285714,1.6944444444444442,0,2,High,✅ Stable
Slovenia,2024-08-04,SVN,Europe,148.0,1356582.0,4.0,10083.0,0.85,59.71,57.66,2517.86,0.13,4.5,2119843,102.62,44.5,31400.84,11.11,1331707.0,21.142857142857142,18.714285714285715,1.2982456140350878,0.0001091096212568754,6415.566216218447,639944.5619321809,21.142857142857142,1.3703703703703702,0,2,High,"⚠️ Rising Rt, High Positivity Rate"
Solomon Islands,2024-08-04,SLB,Oceania,0.0,25954.0,0.0,199.0,-0.0,47.47,35.12,,,1.4,724272,21.84,20.8,2205.92,30.46,24575.0,0.0,0.0,1.0,0.0,3.483237393506792,35834.603574347755,0.0,0.0,0,0,Low,✅ Stable
Somalia,2024-08-04,SOM,Africa,0.0,27334.0,0.0,1361.0,0.02,50.99,43.57,29.37,0.04,0.9,17597508,23.5,16.8,,5.56,27324.0,0.0,0.0,1.0,0.0,1912.680000000097,1553.2881132942232,0.0,0.0,0,0,Low,✅ Stable
South Africa,2024-08-04,ZAF,Africa,0.0,4072765.0,0.0,102595.0,0.9,40.42,35.13,431.67,0.07,2.32,59893884,46.75,27.3,12294.88,11.11,4067067.0,0.0,0.14285714285714285,1.0,0.0,1425467.0500814028,67999.6809023105,0.0,0.0,0,2,High,✅ Stable
South Korea,2024-08-04,KOR,Asia,0.0,34571873.0,0.0,35934.0,0.95,86.43,85.64,1934.58,0.07,12.27,51815808,527.97,43.4,35938.37,11.11,,0.0,0.0,1.0,0.0,178.12311591578896,667207.0615978815,0.0,0.0,0,0,Low,✅ Stable
South Sudan,2024-08-04,SSD,Africa,0.0,18823.0,0.0,147.0,0.05,39.54,39.16,38.17,0.01,,10913172,,19.2,1569.89,10.55,18368.0,0.0,0.0,1.0,0.0,4391.333333332946,1724.7964203258227,0.0,0.0,0,0,Low,✅ Stable
Spain,2024-08-04,ESP,Europe,0.0,13980340.0,0.0,121852.0,1.25,86.95,85.66,1961.85,0.31,2.97,47558632,93.1,45.5,34272.36,5.56,13770429.0,0.0,0.0,1.0,0.0,5547.053968256436,293960.0954039217,0.0,0.0,0,2,High,✅ Stable
Sri Lanka,2024-08-04,LKA,Asia,1.0,672798.0,0.0,16907.0,0.89,78.53,67.57,353.23,0.01,3.6,21832150,341.96,34.1,11669.08,23.15,672039.0,0.14285714285714285,0.07142857142857142,1.0,1.4863324302449854e-06,470957.89996630984,30816.845798512746,0.14285714285714285,0.07692307692307691,0,2,High,✅ Stable
Sudan,2024-08-04,SDN,Africa,0.0,63993.0,0.0,5046.0,0.44,32.44,28.62,12.33,,0.8,46874200,23.26,19.7,4466.51,5.56,63829.0,0.0,0.0,1.0,0.0,630.2169014084839,1365.2072995379121,0.0,0.0,0,0,Low,✅ Stable
Suriname,2024-08-04,SUR,South America,0.0,82501.0,0.0,1406.0,-0.0,43.33,38.49,137.34,0.49,3.1,618046,3.61,29.6,13767.12,21.3,82467.0,0.0,0.0,1.0,0.0,57750.00000039105,133486.82784129336,0.0,0.0,0,0,Low,✅ Stable
Sweden,2024-08-04,SWE,Europe,630.0,2755181.0,28.0,27399.0,1.3,73.71,71.98,1758.61,0.11,2.22,10549349,24.72,41.0,46949.28,11.11,2699339.0,90.0,85.71428571428571,1.1052631578947367,0.00022871241084310157,3060.61222222088,261170.71299849876,90.0,1.5035799522673032,0,2,High,✅ Stable
Switzerland,2024-08-04,CHE,Europe,426.0,4457868.0,0.0,14170.0,0.38,69.75,,2448.14,0.41,4.53,8740471,214.24,43.1,57410.17,5.56,4413911.0,60.857142857142854,68.85714285714286,0.7918215613382898,9.557050882547102e-05,7324.435211267172,510026.06152460206,60.857142857142854,0.7648114901256732,0,0,Low,✅ Stable
Syria,2024-08-04,SYR,Asia,0.0,57423.0,0.0,3163.0,0.02,14.9,10.66,8.25,0.01,1.5,22125242,,21.7,,11.11,57467.0,0.0,0.0,1.0,0.0,4018.9100000002904,2595.3614428262526,0.0,0.0,0,0,Low,✅ Stable
Taiwan,2023-09-24,TWN,Asia,0.0,0.0,0.0,0.0,1.17,91.65,87.02,545.75,0.78,,23893396,,42.2,,17.59,,0.0,0.0,1.0,0.0,,0.0,0.0,0.0,0,0,Low,✅ Stable
Tajikistan,2024-08-04,TJK,Asia,0.0,17786.0,0.0,125.0,-0.0,53.54,52.17,,,4.8,9952789,64.28,23.3,2896.91,8.33,17786.0,0.0,0.0,1.0,0.0,957.007692307739,1787.036779338937,0.0,0.0,0,0,Low,✅ Stable
Tanzania,2024-08-04,TZA,Africa,0.0,43230.0,0.0,846.0,0.48,52.57,49.11,7.17,0.02,0.7,65497752,64.7,17.7,2683.3,2.78,42906.0,0.0,0.0,1.0,0.0,7564.550000000759,660.022652380497,0.0,0.0,0,0,Low,✅ Stable
Thailand,2024-08-04,THA,Asia,560.0,4799180.0,1.0,34715.0,1.37,79.51,74.6,345.44,0.31,2.1,71697024,135.13,40.1,16277.67,5.56,4728182.0,80.0,106.28571428571429,0.603448275862069,0.0001167002179793819,5998.274999997627,66936.94845688435,80.0,0.521415270018622,0,0,Low,✅ Stable
Togo,2024-08-04,TGO,Africa,0.0,39530.0,0.0,290.0,0.89,25.49,17.56,86.72,0.02,0.7,8848700,143.37,19.4,1429.81,30.1,39396.0,0.0,0.0,1.0,0.0,27670.300000008658,4467.32288358742,0.0,0.0,0,0,Low,✅ Stable
Tokelau,2024-08-04,TKL,Oceania,0.0,80.0,0.0,0.0,,116.38,116.38,,,,1893,,,,,,0.0,0.0,1.0,0.0,0.7358974358974358,42260.96143687269,0.0,0.0,0,0,Low,✅ Stable
Tonga,2024-08-04,TON,Oceania,0.0,16976.0,0.0,12.0,0.01,81.73,72.39,,,2.6,106867,150.03,22.3,5425.62,16.22,16810.0,0.0,0.0,1.0,0.0,3960.36666666422,158851.65673219983,0.0,0.0,0,0,Low,✅ Stable
Trinidad and Tobago,2024-08-04,TTO,North America,0.0,191496.0,0.0,4390.0,0.5,49.22,46.82,503.65,0.22,3.0,1531043,266.89,36.2,28763.07,11.11,189918.0,0.0,0.0,1.0,0.0,917.4315068494058,125075.52041320852,0.0,0.0,0,0,Low,✅ Stable
Tunisia,2024-08-04,TUN,Africa,0.0,1153361.0,0.0,29423.0,0.91,58.42,51.81,379.01,0.1,2.3,12356116,74.23,32.7,10849.3,31.36,1151126.0,0.0,0.0,1.0,0.0,21245.423684140933,93343.32892310173,0.0,0.0,0,2,High,✅ Stable
Turkey,2024-08-04,TUR,Asia,0.0,17004718.0,0.0,101419.0,-0.01,67.89,62.31,1924.67,0.01,2.81,85341248,104.91,31.6,25129.34,11.11,17042722.0,0.0,0.0,1.0,0.0,11903301.885639792,199255.55810948534,0.0,0.0,0,2,High,✅ Stable
Turkmenistan,2024-08-04,TKM,Asia,0.0,0.0,0.0,0.0,,71.76,71.05,,,7.4,6430777,12.25,26.9,16389.02,22.22,,0.0,0.0,1.0,0.0,,0.0,0.0,0.0,0,0,Low,✅ Stable
Turks and Caicos Islands,2024-08-04,TCA,North America,0.0,6805.0,0.0,40.0,,71.76,67.16,,,,45726,37.31,,,,,0.0,0.0,1.0,0.0,1190.1750000000031,148821.2395573634,0.0,0.0,0,0,Low,✅ Stable
Tuvalu,2024-08-04,TUV,Oceania,0.0,2943.0,0.0,1.0,0.02,86.13,83.86,,,,11335,373.07,,3575.1,,2805.0,0.0,0.0,1.0,0.0,1029.3500000000697,259638.28848698724,0.0,0.0,0,0,Low,✅ Stable
Uganda,2024-08-04,UGA,Africa,0.0,172154.0,0.0,3632.0,0.04,42.4,27.64,59.96,0.06,0.5,47249588,213.76,16.4,1697.71,38.44,170544.0,0.0,0.0,1.0,0.0,60253.19999984223,3643.5026692719525,0.0,0.0,0,0,Low,✅ Stable
Ukraine,2024-08-04,UKR,Europe,171.0,5532777.0,0.0,109920.0,0.51,40.97,39.65,443.1,0.6,8.8,39701744,77.39,41.4,7894.39,8.33,5711929.0,24.428571428571427,18.5,1.9431818181818181,3.0907677141644996e-05,22648.094736851646,139358.53800276382,24.428571428571427,2.192307692307692,0,0,Low,"⚠️ Rising Rt, High Positivity Rate, Accelerating Cases"
United Arab Emirates,2024-08-04,ARE,Asia,0.0,1067030.0,0.0,2349.0,0.97,105.83,103.72,17994.67,0.0,1.2,9441138,112.44,34.0,67293.48,13.89,1053213.0,0.0,0.0,1.0,0.0,1919.4053984573552,113019.2144209734,0.0,0.0,0,2,High,✅ Stable
United Kingdom,2024-08-04,GBR,Europe,3400.0,24974629.0,0.0,232112.0,0.3,79.71,75.19,7480.12,0.03,2.54,67508936,272.9,40.8,39753.24,5.56,24658705.0,485.7142857142857,537.9285714285714,0.823045267489712,0.00013615669457034407,5141.135382354274,369945.52839641855,485.7142857142857,0.6739345887016849,0,0,Low,✅ Stable
United States,2024-08-04,USA,North America,0.0,103436829.0,619.0,1193165.0,0.88,81.39,69.47,2708.53,0.14,2.77,338289856,35.61,38.3,54225.45,28.71,,0.0,0.0,1.0,0.0,775.6862352562375,305763.9097519968,0.0,0.0,0,2,High,✅ Stable
United States Virgin Islands,2024-08-04,VIR,North America,0.0,25389.0,0.0,132.0,,,,1149.74,0.19,,99479,306.48,42.2,,0.0,,0.0,0.0,1.0,0.0,276.9921875000009,255219.69460891242,0.0,0.0,0,0,Low,✅ Stable
Uruguay,2024-08-04,URY,South America,15.0,1041346.0,0.0,7682.0,1.1,87.95,84.82,1776.52,0.08,2.8,3422796,19.75,35.6,20551.41,13.89,1034303.0,2.142857142857143,1.9285714285714286,1.0,1.4404641751841751e-05,48595.446666384414,304238.40626201505,2.142857142857143,0.7894736842105262,0,2,High,✅ Stable
Uzbekistan,2024-08-04,UZB,Asia,0.0,175081.0,0.0,1016.0,0.12,63.81,53.29,,,4.0,34627648,76.13,28.2,6253.1,5.56,251247.0,0.0,0.0,1.0,0.0,1475.8867469882744,5056.104301395232,0.0,0.0,0,0,Low,✅ Stable
Vanuatu,2024-08-04,VUT,Oceania,0.0,12019.0,0.0,14.0,0.02,54.06,49.66,37.57,0.01,,326744,22.66,23.1,2921.91,11.11,12014.0,0.0,0.0,1.0,0.0,2803.733333334386,36784.149058590214,0.0,0.0,0,2,High,✅ Stable
Vatican,2024-08-04,VAT,Europe,0.0,26.0,0.0,0.0,,,,,,,808,,,,,,0.0,0.0,1.0,0.0,0.6000000000000001,32178.21782178218,0.0,0.0,0,0,Low,✅ Stable
Venezuela,2024-08-04,VEN,South America,0.0,552695.0,0.0,5856.0,1.05,78.29,52.88,,,0.8,28301700,36.25,29.0,16745.02,13.89,552162.0,0.0,0.0,1.0,0.0,3306.022222223066,19528.68555599134,0.0,0.0,0,0,Low,✅ Stable
Vietnam,2024-08-04,VNM,Asia,0.0,11624000.0,0.0,43206.0,0.63,92.17,87.55,880.54,0.95,2.6,98186856,308.13,32.6,6171.88,23.15,11526994.0,0.0,0.0,1.0,0.0,625906.9923283792,118386.51804881093,0.0,0.0,0,2,High,✅ Stable
Wales,2023-07-12,OWID_WLS,Europe,0.0,0.0,0.0,0.0,,81.77,78.14,,,,3170000,,,,,,0.0,0.0,1.0,0.0,,0.0,0.0,0.0,0,0,Low,✅ Stable
Wallis and Futuna,2024-08-04,WLF,Oceania,0.0,3760.0,0.0,9.0,,61.66,58.67,,,,11596,,,,,,0.0,0.0,1.0,0.0,11.83333333333335,324249.74129010004,0.0,0.0,0,0,Low,✅ Stable
Western Sahara,2022-04-20,ESH,Africa,0.0,0.0,0.0,0.0,,,,6.97,,,576005,,28.4,,,,0.0,0.0,1.0,0.0,,0.0,,,0,0,Low,✅ Stable
Yemen,2024-08-04,YEM,Asia,0.0,11945.0,0.0,2159.0,0.0,3.12,2.4,10.22,0.0,0.7,33696612,53.51,20.3,1479.15,5.56,11945.0,0.0,0.0,1.0,0.0,1392.8833333331356,354.48667658339065,0.0,0.0,0,0,Low,✅ Stable
Zambia,2024-08-04,ZMB,Africa,18.0,349842.0,0.0,4077.0,1.34,58.51,46.03,180.46,0.06,2.0,20017670,23.0,17.7,3689.25,13.89,343135.0,2.5714285714285716,5.214285714285714,1.0,5.145444566401203e-05,13604.266666691348,17476.659371445327,2.5714285714285716,0.6666666666666667,0,2,High,✅ Stable
Zimbabwe,2024-08-04,ZWE,Africa,0.0,266386.0,0.0,5740.0,0.03,39.45,29.11,148.8,0.04,1.7,16320539,42.73,19.6,1899.78,53.7,264276.0,0.0,0.0,1.0,0.0,186469.50000112667,16322.132498197518,0.0,0.0,0,0,Low,✅ Stable
